X__1;X__2;X__3;X__4;X__5;X__6;X__7;X__8;X__9;X__10
-0.44013;1.45859;-0.32481;-0.02682;-0.01098;0.65973;-0.79073;-0.73591;-1.83095;-1.03672
3.36809;2.8023;4.34698;3.89593;4.45295;4.26735;4.61099;7.1086;7.63046;6.48523
-0.25435;-2.32878;-2.15945;-1.12598;-3.28715;0.15323;-2.8689;-0.81034;-2.30832;-0.79807
-0.8071;0.93858;-0.83876;-0.37367;-0.78364;2.68244;1.84619;2.63381;8.79159;7.30268
-0.94889;-1.99649;-1.69116;-1.89975;1.5362;1.01999;-0.20879;-4.35269;-0.80603;-1.08037
1.41175;1.05526;1.58793;2.13899;4.02749;2.41403;3.31879;0.94713;0.60582;-0.01586
1.58275;1.43734;1.84913;0.71513;0.40402;1.86421;4.16801;3.9931;1.35772;1.30422
1.5802;0.94158;0.61803;0.88661;0.96105;2.40228;2.12524;2.86883;0.10794;2.72916
0.44955;1.54201;1.25643;2.70454;2.59196;1.28242;1.93156;1.90893;-0.06376;3.07785
0.93407;0.45697;0.50964;-0.55365;0.3707;1.27836;1.92926;-1.03296;0.6213;-3.65892
2.0766;0.41058;0.88634;0.74754;1.48247;1.9751;2.16705;2.67872;0.42402;0.49606
1.28774;1.52636;2.00592;1.20272;1.51489;1.41719;0.33678;0.40235;2.62679;1.30134
3.19411;3.95205;3.69583;1.77622;2.39286;1.86846;1.42512;1.82249;0.83342;1.33255
-1.34409;-0.20567;-0.9795;-1.18911;-0.08042;-2.08552;-2.57609;-2.25446;-0.50849;-1.73279
2.80891;1.38953;2.58834;2.80602;2.41758;3.11576;1.98494;3.15343;2.68477;4.70399
0.05009;1.34784;0.59471;1.86441;0.76732;1.26505;0.42215;1.60414;-0.78297;0.1139
2.27346;0.3698;0.98395;0.0086;0.58244;0.34296;0.67477;2.3982;-3.18744;-1.8545
-0.7528;0.725;-0.64337;-0.3917;-1.87381;1.51929;-0.93355;0.31276;-1.40635;1.40231
4.24031;3.96607;3.3942;2.92997;5.96249;0.83347;3.73358;1.605;5.64721;4.38117
1.25295;0.08164;1.32842;0.50145;0.76246;-0.83278;0.10058;-1.38142;0.98516;3.93643
-1.18269;-0.25455;-1.08794;-0.63952;-1.25417;-1.53756;-2.58666;-2.66381;-0.43494;-0.38955
2.15701;0.96966;0.34926;2.56398;2.31546;2.96295;2.5262;3.50665;6.02534;5.39747
-0.71831;-2.09115;0.01437;-0.9527;1.239;-0.66071;0.12425;-1.03803;-2.90164;-0.11094
-4.96786;-5.07427;-4.59186;-5.33542;-5.07407;-4.40107;-4.76812;-3.83999;-6.59481;-9.21994
1.40435;0.55674;-0.00043;1.56354;-0.36326;0.65867;3.94498;1.6763;5.14376;5.12052
1.18754;0.85131;1.12527;1.64724;3.07916;2.84297;2.40166;3.1685;7.0011;9.35261
0.77914;1.7445;1.1986;3.04093;2.86753;3.62903;2.84371;5.08038;5.37664;3.85482
0.26307;-0.02029;-0.99411;1.188;2.4838;2.88828;3.57867;5.17929;7.02894;7.09541
-1.02051;-0.21953;-2.36452;-0.22718;-0.44636;0.24328;1.61347;-3.68398;5.81692;9.27026
-0.70846;-0.4782;-1.11693;0.39663;1.69401;1.79799;0.64518;1.54058;3.02849;3.57487
-1.23014;-0.11847;-0.98261;-0.35335;0.47253;-1.8903;3.05912;0.35329;6.48393;6.71359
-3.5034;-3.78679;-4.20922;-1.46467;-3.11861;0.47393;-1.82797;-2.55595;4.4596;5.65691
-2.29005;-1.40883;-1.60097;-4.4454;-2.69806;-1.50226;-1.42679;-3.39517;-0.94079;-2.04719
0.02686;1.13627;1.79635;1.78918;1.80082;2.9671;1.00454;2.08042;3.96492;5.63599
-3.18468;-3.77708;-3.43476;-4.5614;-3.42949;-4.38586;-6.072;-7.63937;-9.04326;-13.87392
-2.22686;-2.27739;-1.14948;-3.73697;-1.31886;-2.07985;-1.08999;-0.85999;0.16266;3.14705
-0.10657;-0.92663;-0.1058;-1.77209;-1.57488;-0.98357;-2.73287;-1.25285;-3.50481;-2.94506
-8.27789;-8.12973;-5.40483;-8.70104;-6.73817;-7.92999;-7.8666;-7.52507;-10.5286;-11.29266
2.08372;2.49294;-0.40403;0.36184;-1.23349;-0.7871;-1.83722;-2.5553;-2.06113;-5.7863
4.28489;6.76215;5.70988;7.6481;5.17532;3.61548;4.52199;2.42231;2.34979;-6.31184
-1.11732;-0.75436;-0.14695;0.90107;-2.59895;-4.02836;1.93615;7.28961;6.29498;17.15327
2.04625;0.13874;-0.53454;1.1237;0.69291;-1.24307;-1.46113;-0.88487;4.04084;-0.44424
4.77855;7.54276;5.72149;5.38227;9.61479;6.66742;7.78876;8.74441;9.6192;14.70748
0.10688;-1.22439;-0.21879;1.42241;0.3728;-1.26878;-0.74339;3.92375;3.74057;1.52663
1.86676;1.92281;2.28362;3.07754;3.77873;3.76258;6.06291;5.17185;6.04241;3.75949
0.92832;2.39362;5.18734;1.91018;3.90898;2.10073;6.16498;3.97715;5.48992;6.55178
-1.60569;-2.54042;-3.84553;-4.47817;-4.08147;-5.11479;-5.60892;-4.40701;-2.66884;-5.27773
1.8317;0.18206;-0.50804;1.22554;4.15782;1.43196;1.16588;3.8076;6.76141;4.40686
3.34705;4.29248;2.85959;3.84494;6.02713;1.62318;7.65219;2.97068;7.46076;5.86903
0.77492;-0.32842;-0.44337;-0.11713;-1.84742;-1.40054;-1.017;-0.81336;-0.58948;-1.58161
1.07994;0.43263;1.80779;1.83105;3.24271;1.15839;4.16821;5.76569;4.40634;3.02362
-4.83103;-3.66651;-5.3813;-4.09196;-6.3954;-3.43757;-2.61807;-1.55573;-3.60316;0.94092
0.48411;1.93917;0.51198;0.41327;0.7808;0.2712;0.65656;0.40672;-1.24347;0.05204
1.95093;2.06416;2.69899;1.43242;2.63645;3.55446;2.03302;2.83822;1.79474;5.90438
3.44321;-0.40219;-2.96754;-0.402;-2.66894;-3.95962;-5.26618;-5.87543;-12.08883;-10.47693
-1.47858;-1.03628;-3.11009;-3.639;-3.59679;-2.73049;-3.62857;-3.88343;-4.19887;-9.84246
-3.10898;-2.36694;-0.98487;0.49998;0.64043;0.20308;-0.4835;3.40725;0.32734;3.69302
3.99849;3.21797;7.81872;8.03723;8.96013;8.17062;9.71199;11.11796;13.47503;16.28736
1.74355;-0.21192;2.19643;1.51936;0.99373;1.28421;0.9982;4.68238;3.58789;6.13912
4.10398;5.05139;2.86689;1.06817;1.6031;0.73325;-0.75631;-1.27173;-2.69397;-3.357
-0.84516;-0.68982;-3.01157;2.04524;-0.32769;-3.0509;-3.85858;-4.88094;-6.12287;-7.54789
0.45083;0.67902;1.43569;2.12312;2.08684;0.89532;2.45554;0.12939;0.41413;2.09884
0.49742;2.88405;3.50794;2.4964;3.5559;5.41009;4.36937;6.06488;2.25901;6.78385
2.05321;1.02743;1.30293;2.67159;1.65268;1.99259;0.34782;-3.80405;-1.13728;-3.07589
6.25485;5.8084;6.47274;4.55784;4.21158;1.2593;4.35855;6.77784;7.48207;12.25072
-2.75575;-5.14698;-4.14527;-1.88353;-3.41342;-3.86376;-4.6357;-4.79525;-5.7129;-4.61606
0.47635;1.17535;-0.22302;-1.49721;-2.07206;-1.33503;-0.13665;-3.89034;-3.15048;-1.26485
-4.97536;-4.22539;-5.15049;-5.87022;-5.2665;-3.73498;-5.98652;-4.0147;-9.16334;-11.42244
-1.62004;-0.93531;2.10026;3.69827;3.48621;3.44887;4.20775;4.35262;1.42632;5.46456
0.25584;1.32335;3.88151;-0.01915;0.72319;1.6585;2.57893;2.71332;0.49177;2.10894
-0.46205;0.53404;-0.78885;1.79422;0.36238;0.23536;1.73341;-1.97553;-1.19342;-3.10741
-5.88723;-6.52247;-6.81149;-5.63136;-8.61192;-6.69889;-7.64022;-3.36668;-8.65403;-12.10524
-3.90418;-5.75473;-5.99803;-7.01567;-6.4162;-7.01945;-5.36147;-8.8675;-10.79325;-10.74405
-0.10579;3.58059;3.47045;3.69787;3.57887;3.73245;5.25517;7.23162;9.59258;8.34479
-3.05909;-3.35183;-2.98319;-1.51916;-3.72544;-1.99584;-1.91484;-2.92349;-7.06662;-7.01832
4.73568;5.34526;4.80115;7.32881;4.97557;2.4708;4.28133;5.36379;9.47344;7.41962
-4.52144;-4.39988;-1.81635;-4.23601;-4.26871;-3.2729;-2.87806;-3.2305;-5.49603;-6.74635
-3.08238;-2.37898;-3.34337;-2.7373;-0.09105;-1.27919;-1.18212;-4.78203;-7.54265;-6.73862
-2.89476;-4.22446;-4.0934;-7.41417;-7.62058;-9.31626;-9.55522;-11.12623;-12.46534;-12.78941
4.25101;5.82538;6.01735;4.75846;4.27909;7.6578;3.37437;4.91603;5.92353;4.27489
0.93072;1.10243;0.71488;-0.79047;-0.26193;0.64453;-1.90864;-2.27318;-4.14039;-6.16121
-8.60454;-9.41789;-8.98588;-10.14601;-7.14458;-9.07072;-11.87765;-12.67904;-17.10254;-23.45925
-8.80503;-7.01585;-6.43498;-7.01781;-5.39326;-5.89144;-5.98195;-7.45615;-8.60643;-12.53997
-2.3039;-2.32454;-7.11037;-3.40933;-3.02747;-3.0746;-9.3223;-10.19648;-10.47615;-13.04805
5.90322;8.92389;7.82747;9.5086;6.48166;5.83942;4.79391;6.89704;6.84425;6.5012
3.0375;3.80133;2.41437;4.54081;4.93925;3.98378;4.4613;6.02235;6.78392;10.92698
2.59879;1.88185;-0.47128;3.06717;1.73842;2.51883;2.91475;8.37249;11.21319;20.33956
-1.16642;-1.58316;-2.85649;-0.27382;-1.23674;-0.72718;-2.16487;-2.53612;-7.71375;-11.04189
4.48056;5.21586;5.58004;5.2579;5.77772;4.14008;4.90816;3.82606;3.34832;2.5751
6.43875;8.41518;6.27686;5.69987;4.21784;6.21712;6.78908;4.56345;5.27988;4.15859
5.85325;3.08361;6.14757;4.16458;2.4774;2.49597;5.82649;4.77563;11.2866;10.27596
0.28633;1.60685;-3.05411;0.24642;3.0203;1.3509;2.2689;1.93687;1.72714;2.32657
1.83242;1.7855;1.6063;4.69044;3.33896;3.20469;5.30793;5.39929;7.35977;9.19135
-0.06112;-0.2993;1.10936;3.06568;5.17664;5.33002;2.15663;5.34526;6.20782;3.81665
-4.2801;-3.46382;-4.16891;-4.48247;-3.41911;-4.22018;-4.4591;-3.75335;-3.35784;-5.07646
1.44159;0.59584;0.6034;0.16779;0.7423;-1.6507;1.0016;-0.85891;-0.39255;-1.81948
-0.52114;-2.612;-2.8137;-3.54156;-3.64987;-3.48362;-4.14086;-6.26673;-9.64067;-12.09762
0.80407;0.67433;1.50427;3.04224;4.83065;3.89373;4.18144;4.76784;6.20194;9.03621
-1.48665;-1.09302;-0.384;-0.08338;0.26051;-0.507;-1.65521;-0.75291;-0.48495;-4.13077
-1.1366;-2.53068;-2.57156;-3.01125;-5.83264;-6.05455;-4.76016;-6.72725;-8.34182;-7.72484
-0.96403;-0.62218;-0.191;-0.83711;-0.6197;0.59266;-0.34856;-0.40431;-2.03735;-1.58362
7.59524;9.00647;6.92534;8.79347;8.84747;8.99928;8.32155;9.28023;12.15228;12.53741
1.25154;0.71877;0.4623;0.32139;0.43826;1.7522;4.6807;4.42037;7.66683;12.49552
-0.44557;2.42846;1.12293;4.50471;3.74134;3.52758;1.86695;4.30255;4.25699;2.11349
0.18334;1.05777;-1.98673;-0.47852;0.70598;1.83624;3.07512;0.84577;-1.78462;-0.3994
-1.81572;-0.34097;-0.20143;0.46119;0.22919;-0.74962;1.10462;2.20367;1.54202;-0.51931
-0.49071;-1.00584;2.73579;2.89689;1.21448;-1.59503;2.56802;1.89089;-0.38138;0.28014
-1.47198;-2.6463;-1.63428;-1.65807;-2.86138;-2.59951;-1.02096;-3.21433;-6.83767;-5.75966
-0.70719;-1.49431;0.56191;0.39519;0.43137;-0.89634;0.68478;-2.66465;-4.62793;-7.36683
4.53031;5.70209;4.46839;3.5815;3.65381;4.41187;1.63946;0.4607;3.80144;-0.16117
-0.76636;1.87812;-2.16961;-0.77404;-0.55679;-1.18764;-1.69521;0.10219;-3.6459;-4.76537
3.02469;2.21191;2.25284;2.7937;1.43034;-0.58333;-1.41287;-0.56341;1.73667;-2.88016
6.55527;5.87499;6.14914;4.99599;4.16999;4.91345;4.78183;3.3015;2.05173;6.88232
-1.68826;0.35478;-0.63103;0.42856;-0.28819;1.17198;0.91616;1.52156;1.86527;-0.64195
-2.61675;-3.81284;-2.58924;-5.80594;-2.73959;0.17534;-2.61259;-0.98229;-5.52722;-11.49565
-2.52132;-3.57566;-4.35372;-5.29878;-5.17533;-4.704;-4.26057;-3.47766;-4.90663;-8.02808
-2.03939;-2.77774;-0.72643;-0.23425;0.95414;-1.33145;-0.57974;-1.08665;-2.25913;-3.5145
-1.0435;-1.73245;-0.77648;-7.31936;-2.65537;-3.43311;-5.26352;-6.63578;-8.7457;-10.76108
-2.63939;-3.70985;-0.95756;-2.87293;-2.39122;-1.28095;-5.1075;-2.74783;-0.6571;-7.65591
-1.77811;-1.6553;-3.32297;-1.65764;0.13377;-1.37801;-0.70885;-3.33609;-0.63436;-3.9186
-1.43014;0.84457;1.23238;6.00055;1.78878;8.54151;4.3792;3.70317;8.25485;12.84812
-2.07606;-3.13899;-3.80728;-3.83312;-3.84019;-4.75793;-3.93213;-4.5356;-3.04547;-3.23117
3.59993;5.47029;8.81278;8.41134;6.95604;7.20616;3.56395;-1.43434;4.311;7.41878
-0.3471;-1.92253;-0.79743;-2.14191;-1.59508;1.71022;-0.46169;0.91433;-2.91355;-6.51095
-8.64422;-11.88399;-14.71937;-7.02035;-15.98927;-10.66738;-10.88814;-12.68925;-20.20103;-23.55072
-0.94157;2.93953;2.99494;2.69391;0.67486;-2.13489;-0.41075;3.38645;0.0129;2.0523
6.32105;4.2025;2.92645;-3.48656;-1.16745;-0.44673;-1.783;-3.26163;2.58198;4.36701
0.87973;-0.80994;2.1356;-0.95266;-0.77069;-0.7567;-1.28435;-2.75393;1.27006;1.07004
-1.80438;-2.53574;-4.00452;-3.95645;-2.58881;-1.46123;-3.22279;-0.28767;-6.13362;-6.35376
-8.79785;-8.92127;-5.9312;-5.21494;-5.03927;-3.6881;-3.43117;-5.14682;-4.90598;-5.95668
-7.51926;-7.02075;-5.6833;-4.15142;-4.08403;-4.16392;-4.72226;-0.59395;-5.77557;-8.57951
-3.8421;-5.0738;-2.51938;-2.86149;-1.37729;-1.51531;-1.24541;-3.05206;-4.80102;-8.37048
-1.02032;-5.73817;-7.30157;-10.51672;-6.81169;-8.75563;-7.77185;-9.64481;-11.32389;-11.78937
-8.56371;-10.99784;-10.89573;-8.11557;-11.00732;-9.09684;-8.51285;-9.09911;-7.72455;-8.49777
-5.93379;-4.31158;-6.74305;-7.26259;-10.15624;-14.45546;-12.46973;-16.04413;-15.35248;-20.31705
6.17697;10.50313;11.90096;15.06879;16.86279;19.59096;14.89614;15.06409;21.77481;25.90314
-2.75258;-4.35706;-3.60758;-4.62346;-2.98341;-4.66356;-5.40904;-4.41;-6.59224;-2.17014
-6.55525;-5.25396;-2.84951;-0.50382;-3.52934;-0.42815;-2.56122;-3.65598;-5.58179;-7.15112
17.22344;24.45549;19.80816;13.18949;20.75084;14.14247;13.43247;10.95373;11.20959;16.68713
3.83771;2.05631;4.38089;1.01181;2.03548;2.10895;4.37012;9.124;9.80022;7.66069
2.35637;3.07749;2.26645;-0.27158;3.22228;0.18686;3.85076;2.32607;3.21457;6.90372
-0.05394;1.83202;2.3156;0.15819;2.33577;4.71825;5.22659;5.33739;5.88403;5.73159
4.29465;5.45859;4.22374;4.74508;6.43976;6.97421;4.88466;4.07956;4.3625;6.17257
3.97374;6.77847;5.32683;8.12565;6.89056;6.34633;5.54593;2.33295;2.98277;4.54183
-0.75673;-3.78963;-4.22588;-5.66048;-4.19242;-4.66374;-5.61244;-8.33499;-8.91933;-11.36149
-4.23223;-1.96451;-3.53041;-3.23302;-2.11919;-2.21395;-2.46224;-2.55217;-2.38106;-4.42931
-2.7966;-2.29911;-2.3319;-2.89305;-1.75718;-3.06829;-4.76315;-5.3063;-6.15013;-6.65312
1.60601;4.09668;6.22357;5.55319;4.5907;2.07;6.63063;8.53079;6.18296;6.9743
2.58461;2.48862;3.7282;1.3332;-0.23716;2.75441;3.33555;3.61941;2.32289;4.92208
-1.07249;-1.59854;-0.88325;-1.44885;0.27903;-2.21053;-3.11519;-1.44937;-2.64079;-3.77364
12.06464;11.96754;8.99831;10.42751;9.62207;11.94159;12.19314;13.38278;15.02186;22.01208
3.83092;1.40656;1.22987;-1.01335;-2.89278;0.51184;0.52558;0.7021;-1.81209;4.42933
0.1209;0.48515;0.90041;3.56707;4.0605;3.2115;2.10702;2.27233;2.91108;1.47385
-0.03893;0.38729;0.33828;0.27168;-0.12514;-2.24853;0.32851;-2.66237;-4.57859;-4.4103
-1.87231;-1.50974;-1.93598;1.19461;-0.27803;-0.74524;-2.56878;-1.92948;-1.40004;-1.10741
2.03195;2.37024;3.07439;4.70911;4.68194;2.81115;3.29188;4.26717;5.67667;8.89327
1.4955;1.87442;0.53799;0.12191;-2.0339;0.06197;-2.51153;-2.15135;-1.858;-3.1945
1.24478;1.06636;1.66265;-0.72328;-1.34282;-0.92411;-1.33629;-0.67965;-2.09792;-2.6105
2.57975;3.28507;2.59854;1.97756;2.64745;2.26929;0.42452;2.62573;0.28074;1.4473
-0.53804;-1.37789;-0.11402;-2.58237;-2.90967;-3.346;-2.34484;-2.7258;-3.76635;-5.14906
2.72462;1.94277;2.55673;0.94805;-0.58231;-1.04184;-0.78506;-2.01924;4.19674;1.36334
6.95888;6.5381;4.22565;6.07202;4.97678;6.28442;4.64359;5.1872;7.20623;6.67199
0.755;-0.23272;-3.47447;-2.28175;-5.59363;-3.77869;-5.67411;-5.91254;-6.51172;-5.19162
-0.93234;-1.94977;-2.37104;-0.27781;-1.86471;-2.45175;-2.01472;-0.87732;-2.5246;-4.55048
0.34718;-0.43993;-0.31701;-1.27385;-1.36608;-1.79699;-1.30768;-1.99335;-2.1863;-1.7133
1.04793;1.14742;1.46547;0.50994;0.86774;1.91854;-3.05947;0.28895;-0.64261;0.28615
0.52187;-0.14217;1.2241;-0.06801;-0.2023;-1.40967;-3.3623;-1.97603;-3.50554;-1.26721
3.72778;4.1668;4.09361;2.10127;5.3475;4.52936;4.35785;5.57842;6.31921;6.67112
0.82383;-0.07617;0.65497;-1.88253;-2.16831;-1.43237;-1.22815;-2.99019;-3.1381;-3.86807
-1.62783;-2.15452;-2.95539;-2.38202;-3.38559;-2.42668;-2.14545;-1.3354;-0.93296;0.92386
0.13349;0.56538;0.03031;2.20747;-0.18025;0.00039;-1.25698;-0.25088;-1.18135;-1.97331
-2.16872;-3.06088;-5.47845;-4.28416;-2.66765;-4.85182;-3.30042;-4.72434;-4.68257;-7.20975
3.36073;4.30209;2.74472;4.46211;4.70105;3.81027;3.62734;3.78786;4.56776;4.05284
0.34077;0.09559;1.37539;0.09797;-0.08256;1.48196;0.32642;-0.29581;-0.69128;-0.61271
-2.16325;-4.11136;-5.03771;-5.70005;-6.81024;-5.49946;-7.45955;-5.76973;-7.21278;-7.84838
-0.06699;-0.58931;2.25071;-0.98925;-1.57808;-3.10778;-0.89341;-2.31579;-3.7195;-3.23291
2.45322;2.74125;2.60008;4.45421;3.0017;0.33352;3.59974;3.37378;4.22504;1.77784
1.9719;1.98242;3.13914;6.31117;8.59704;6.86015;8.52822;10.58844;10.65153;14.36917
1.9871;1.4201;0.44507;2.58351;1.53754;0.28596;0.05567;2.88027;2.12905;3.83114
-0.06542;0.97779;-0.79565;-1.01891;-2.47829;-1.79737;-3.06353;-1.46694;-2.31941;-2.79965
2.36596;3.46012;1.86712;3.61463;3.87209;6.21646;4.95066;5.92998;6.57944;9.88805
2.26645;2.34888;3.80215;3.87039;4.38328;3.75569;4.77445;3.06791;3.18213;3.78733
-0.55044;-1.00029;0.02646;-0.4686;0.25682;-1.45833;-0.34915;-2.20512;-2.30176;-4.62071
-8.69868;-10.2936;-8.80203;-12.53091;-12.87233;-9.2637;-13.73236;-13.35173;-12.54964;-15.31015
0.60217;1.94984;2.25771;3.01951;2.43359;2.88677;1.52715;2.08297;6.22703;7.90068
-1.1103;-0.84205;0.61581;0.09987;4.49237;-0.51278;1.12556;1.79775;0.98204;0.06485
5.57403;3.73453;4.84563;3.29337;4.79284;3.96203;3.02822;3.76031;5.53947;6.314
-2.37559;-1.67056;-2.92339;-3.24284;-3.33871;-3.76846;-3.69725;-4.53828;-5.32497;-9.47028
0.8074;1.28528;6.11353;6.06683;6.24378;4.98418;5.22989;9.26666;9.15468;12.48896
-1.99806;-2.78144;1.37345;2.6771;0.82967;-0.02936;0.63671;-1.63969;-1.16604;0.77703
0.7055;-0.39917;-1.66018;-2.59949;-3.94826;-2.00702;-1.83831;-3.53108;-4.34553;-5.42894
2.67754;2.01562;4.09404;4.61307;5.10643;2.31886;4.73545;4.20951;5.00359;3.92836
1.03674;0.58662;0.33628;0.34235;1.25076;-0.34514;1.26075;1.87386;0.02485;2.80127
2.86479;1.70889;5.59575;6.44938;5.74118;5.06266;6.99349;7.0658;9.69869;8.1751
-1.80945;-2.77443;-2.07;-0.75051;0.98284;-0.27934;-0.198;-1.68895;-0.13126;-2.49818
-8.5971;-6.6681;-8.47037;-10.52202;-6.50403;-8.7215;-6.78675;-8.70532;-8.47243;-12.26018
3.31611;3.19277;1.6707;3.89153;4.44818;4.63045;6.05236;6.43287;11.81262;10.74834
0.42911;-2.06222;1.19252;1.78993;0.00035;0.76284;2.22648;4.6435;6.02489;6.55336
1.86755;-1.38731;3.44099;0.00021;6.40471;5.31213;7.03444;12.43701;9.25673;8.25677
-3.65772;-3.72785;-4.72307;-5.46843;-4.29833;-0.04108;-3.22534;3.62389;2.84371;7.13566
-10.46505;-5.85371;-9.68548;-9.06023;-8.5876;-10.01722;-11.71152;-16.05792;-19.13617;-21.00073
7.20154;6.96227;4.26381;4.17488;0.01156;1.79378;3.71126;4.38302;3.03713;6.37011
3.98721;5.43606;5.99736;6.26559;4.09331;7.05716;7.15676;2.92874;4.78323;4.88178
0.56895;3.36835;2.74797;2.68529;2.49268;2.74994;1.91801;6.859;3.21038;3.64638
0.66949;1.17225;6.70481;7.57548;8.09285;9.41772;9.03307;6.69801;5.15523;7.43264
1.22509;1.397;0.11699;0.42059;0.52108;0.34527;2.25487;3.97901;1.93738;3.57332
-1.32915;-0.90922;0.06881;-0.34856;1.25547;0.31739;1.89144;7.17611;5.6771;4.4817
-0.97686;-2.36989;-1.67299;-1.80382;-1.21927;-0.88119;1.85273;4.09656;5.28608;2.29877
-1.07451;-1.51938;1.85305;2.41959;5.88657;6.57474;6.41605;13.45991;20.80052;20.54191
-0.58636;1.40424;0.18999;0.43011;-0.59701;-1.65729;-4.69223;-4.56419;-8.52947;-11.93465
1.20908;2.72362;-0.76343;-1.25186;-1.66316;-2.76082;-4.27537;-5.99669;-11.21136;-11.72584
0.36493;1.09899;1.94822;3.29845;3.3522;4.1777;-0.39653;0.68495;-2.68989;0.01821
3.5719;2.54351;6.23799;3.35162;5.58634;5.87695;1.48668;6.34259;-0.6024;4.01925
1.55531;0.62612;3.39673;0.97713;-0.1342;-1.18966;-2.6264;-1.68811;-5.25025;-7.1767
0.18112;2.05288;2.98014;1.02598;2.02838;0.23467;-0.98848;0.24114;-0.3368;-2.91952
2.49143;1.66788;-1.68813;-0.72976;-3.91907;-3.37148;-5.01702;-1.75869;-3.71906;-2.22287
-2.58058;-2.86053;-2.9561;-4.14237;-4.5801;-4.24285;-4.34723;-3.19394;-0.81219;5.92189
-3.50442;-3.91951;-3.31788;-5.9179;-6.56332;-7.87431;-7.1767;-7.74239;-7.89638;-9.17645
-5.39301;-5.07274;-0.66776;-4.56368;-4.79135;-5.93176;-5.30069;-6.93203;-9.97505;-13.70552
3.66122;3.40913;3.81917;4.23677;4.83907;3.84598;-2.42201;4.37852;6.09512;15.60438
4.51423;5.34812;2.20863;3.44795;2.32963;3.3406;6.42268;0.59015;3.49659;0.93632
-1.09586;-2.71814;-2.80357;-2.06189;-2.46429;-3.43137;-1.89615;-4.08005;-5.39621;-7.946
-3.1688;-2.15186;-0.411;-2.26037;-3.62753;-1.44671;-2.6472;-0.25277;-8.23774;-7.75782
-1.447;-1.55452;-3.48555;-2.43484;-3.27331;-4.38164;-3.97052;-4.44281;-12.097;-13.40764
-0.4447;0.67163;0.83466;-0.58903;-1.19864;-0.87411;-1.63119;-2.01065;-3.75758;-6.49607
2.91631;3.12855;0.55219;3.40425;2.8019;3.01789;3.72644;2.92965;4.11631;6.33106
-1.63414;-2.52089;-2.63026;-4.20392;-4.65813;-4.23206;-5.31664;-3.26667;-1.70435;-6.82972
-2.66705;-2.75026;-3.13885;-2.58294;-2.03207;-1.02453;-2.0328;-2.40408;-4.45934;-6.95668
-1.97433;-1.42233;-1.39375;-1.83632;-2.8193;-2.87378;0.4348;-3.47977;-6.18738;-8.00057
7.02882;9.54549;10.2227;10.43135;10.71131;10.70968;12.32535;12.69515;11.29539;12.58646
5.28548;2.73966;2.8691;0.65733;4.13449;1.85648;1.22457;0.13073;-0.94332;-0.73435
8.7648;8.18479;8.00305;8.00009;10.98022;9.24529;11.40086;10.09747;14.02004;15.84746
5.81112;4.77474;3.63778;4.11004;5.0537;3.35082;4.10592;5.28315;3.20363;5.92895
0.93275;1.44046;2.43447;-1.03458;0.2269;1.6139;0.95948;2.43469;-0.68906;0.1598
4.18492;2.16391;2.74205;2.06879;7.05763;1.16102;1.16967;2.49869;4.627;6.04804
3.0536;3.51693;3.62525;3.93964;0.66565;2.56606;3.52108;3.43163;1.55544;2.1884
2.92727;2.17944;3.50345;3.61634;1.32657;4.9785;3.83393;1.35138;1.95595;2.54099
5.14712;4.77541;5.14926;6.18667;6.64134;5.14706;7.56318;5.42629;9.5584;7.34261
3.24495;2.29962;1.43035;1.79419;1.34386;-1.25741;-0.09983;-1.63295;-0.18378;1.20638
0.85114;-0.80506;0.94257;1.72794;2.35975;0.76663;3.61052;3.23123;5.23742;5.6877
0.54397;0.30053;-0.62832;-3.17432;-2.25943;-4.03465;-2.71794;-4.9778;-4.36522;-6.87812
-1.54441;-1.19787;-1.669;-1.99575;-2.40465;1.51325;0.37785;-0.64216;0.57061;-0.22482
3.84857;3.98165;2.84153;3.35197;2.39092;0.4562;0.86974;1.37483;1.17352;-3.68437
-0.25486;0.59163;-2.28403;-0.6538;-3.46234;-1.58571;-2.75574;-4.49083;-2.8392;-7.93462
-0.39846;0.38062;1.76992;2.8905;3.44135;1.36229;2.06605;4.10775;0.83243;3.94732
-2.31246;-3.37542;-1.22516;-1.78686;-2.36903;-1.46868;-2.95749;-3.62997;0.5752;-2.38326
-0.11236;0.21754;-1.77745;0.92333;-2.37473;-2.56929;-3.14838;0.5478;-4.27157;-2.08996
-4.199;-5.24042;-4.84396;-4.22001;-3.23087;-5.30914;-6.12642;-3.46464;-4.49117;-5.76331
-0.22135;-0.03417;-2.54548;1.7905;-1.02366;1.02506;2.10876;1.75863;1.01381;1.04642
-0.81501;-1.45355;-1.75341;-0.83706;0.63337;0.17119;0.15177;-0.18412;0.13161;-2.60368
-2.60674;-2.94919;-1.84683;-4.52696;-4.77685;-7.27279;-6.25438;-7.11303;-6.99062;-8.49276
1.06744;2.61248;2.08191;4.75193;1.45201;3.35879;0.70506;-0.77466;1.29306;3.93826
-0.88445;-0.7559;-2.47718;-1.26259;-4.21662;-3.86803;-4.64384;-5.62454;-0.5062;-3.33101
5.56908;6.38838;8.5099;9.77165;10.11971;10.80074;11.70811;11.31547;11.09186;13.59628
1.97454;1.95448;2.27957;1.44483;0.22834;0.96519;-1.35891;-2.49788;-2.62886;-5.01602
-0.42785;0.87573;0.33752;-1.22044;-0.80362;-3.04426;-1.82155;-0.66515;-0.28743;-1.04603
-0.36823;0.29524;0.21076;-0.67794;-0.96682;-1.26427;-0.95871;-2.45711;-3.0849;-5.67488
0.78722;1.91789;1.25457;1.9747;1.04426;1.15034;0.69162;2.65683;1.23951;4.83601
5.56113;5.49718;5.73718;5.43965;6.15674;5.88399;7.51545;8.98873;10.18202;12.94349
3.60119;1.09051;1.61791;2.02658;2.50579;2.29507;3.17984;1.13332;-0.54771;-2.41606
1.27342;1.97398;1.52665;1.69223;1.66441;0.84688;0.39918;-1.66255;-3.11426;-5.86578
0.73705;0.66806;0.9536;-0.20458;0.63785;-0.20176;-0.85358;-1.17016;-1.76184;-4.74467
1.52168;4.73645;3.54743;4.1758;5.26954;5.6696;5.01633;7.47222;5.25216;5.47373
2.93929;1.25778;3.12302;1.26862;1.17154;1.80545;1.07821;0.97672;-0.00053;0.99678
0.35827;-2.10604;-2.4891;-1.86454;-2.68207;-1.42902;0.05826;-0.38838;-1.00831;2.62345
0.32796;0.64596;0.32599;0.59513;0.95951;0.00936;-1.68246;-1.3318;-2.32652;-3.64795
-3.55325;-3.80095;-3.99313;-3.66128;-4.72608;-3.96006;-2.60975;-4.75809;-4.40905;-6.6546
4.05793;3.70466;4.31195;5.64468;5.43858;5.23526;3.83465;3.57872;3.03283;2.77331
4.00949;5.61218;4.5497;4.27547;5.48246;5.53378;4.20111;6.94601;8.75447;10.62116
1.99064;1.636;3.38712;2.57259;3.30085;3.25445;3.28466;4.69405;6.17183;4.33856
1.26;-1.24431;0.09982;1.63809;-0.22193;0.84868;0.75072;0.88124;0.61844;0.46281
5.58188;6.21971;5.70014;6.59411;6.07572;8.10841;8.57138;8.06664;5.67628;8.34032
4.0436;2.82658;3.84426;3.87319;4.58564;5.88506;5.57895;7.60755;4.9145;3.01169
0.76036;0.6531;-1.84165;0.47767;-3.35717;-2.3888;-1.15139;-1.50711;-1.49918;-2.02289
3.04724;3.67438;4.80201;5.51414;3.78359;3.95434;6.10882;2.41149;6.9726;4.08066
2.05109;0.28205;1.04835;0.81751;-0.39907;1.63086;2.56505;0.68916;1.576;0.93457
-5.89305;-6.8882;-4.68248;-6.54142;-5.038;-4.09768;-4.06048;-7.17414;-7.49442;-7.76692
2.92941;4.9348;8.32325;8.47341;9.90474;4.99011;7.07703;5.87003;5.86168;5.1094
-5.51221;-7.21081;-6.41642;-6.2307;-6.43851;-7.40678;-6.76982;-10.56912;-10.74245;-11.99694
0.94371;2.82348;2.74029;2.42593;3.83948;4.42396;1.95244;6.85102;7.80711;6.70351
-1.15633;-0.7435;-0.24208;0.26145;0.05188;3.21133;2.04725;0.79688;1.82878;2.41053
-2.97856;-2.4265;-3.43964;-2.97026;-3.21249;-4.23365;-2.53337;-3.99976;-3.13729;-2.86405
8.96683;8.48526;8.09618;10.35224;11.07571;9.97605;12.97593;12.55445;14.10679;16.6923
4.50371;4.13068;3.62937;4.85118;3.86073;0.95397;2.4761;3.00238;6.6123;6.85082
2.66424;0.11074;0.9718;0.75944;0.28512;3.57539;2.77546;0.82997;2.02395;1.02067
-2.77297;-4.10621;-4.56144;-4.48434;0.99657;-4.03328;0.35807;-2.68909;-2.03717;-2.32823
-1.0785;-1.2346;-1.21731;0.69876;0.99529;-0.57556;0.97514;0.12074;0.29365;0.24811
1.8875;4.48649;5.04796;4.14993;2.3936;4.59484;5.02453;5.4455;4.37555;2.51824
6.3306;2.08794;3.07151;2.31973;0.00937;3.43272;4.81545;3.31729;4.92241;4.13829
3.27583;1.75326;2.1976;3.04186;3.6669;3.01423;3.23588;3.16689;4.20796;5.079
-0.4135;-2.12277;-2.74039;-3.24918;-6.64566;-2.22401;-0.67458;-1.18429;-3.3424;-2.9912
-26.02349;-23.49525;-21.83767;-24.32453;-22.96594;-21.59737;-20.10932;-21.50423;-23.77523;-24.74235
-0.49476;-2.99299;-5.37287;-6.69807;-7.52257;-9.03388;-8.39419;-9.50945;-9.23384;-10.2212
2.33314;4.35775;3.61709;4.57882;5.29789;7.07345;6.03575;6.4005;10.70551;13.03556
3.77675;7.36866;8.9145;7.52981;5.45644;4.06588;3.6048;3.91004;1.13234;0.86243
3.8963;2.97925;2.45883;4.67744;3.68923;3.55488;5.64123;4.26171;5.30204;7.10901
1.87906;-1.39082;-1.80535;-0.72679;-2.78889;-0.58596;-3.96624;-3.72797;-3.19162;-3.27822
0.3883;0.39733;-0.90038;-0.05111;-0.01655;0.46143;1.63731;1.27443;0.37634;-0.16455
-0.6918;0.55937;0.53425;0.82073;0.64992;-0.81973;0.31293;-0.55421;-0.99814;-1.0501
4.44589;4.02461;2.89662;4.05668;3.54025;2.99693;5.26474;6.9697;4.20611;7.68395
-1.13743;-1.88679;-0.36736;-0.59737;-1.5218;1.07526;-1.13349;-2.08017;-1.73539;-2.8392
-1.53852;-1.39588;-1.54158;-1.78677;-1.36017;-2.31145;-3.81283;-6.21921;-3.29352;-5.55007
1.21766;2.25146;2.84603;4.27247;3.16051;5.09448;4.40535;3.95788;2.43565;1.89488
-0.19883;1.03724;0.62429;4.02797;0.45103;-0.07225;1.85149;3.26972;0.34675;-1.27621
-1.99655;-2.3391;-2.51287;-2.28814;-2.55084;-3.39023;-2.03087;-2.11092;-1.93341;-2.98144
0.1329;0.78905;1.27376;2.54912;0.3683;1.42985;1.4742;1.76747;1.21552;2.5839
2.52227;2.79153;2.9544;3.77162;5.15556;5.32219;6.77761;6.28521;8.11266;7.17089
0.78397;-0.06845;-0.85014;-0.09136;-0.85641;-1.3036;-1.01801;-2.71399;-3.5748;-4.14246
0.67287;1.48726;1.11217;2.50267;2.09608;2.45259;2.21552;3.52936;0.30562;0.6065
1.94872;4.89639;4.59206;4.99493;2.88081;3.86362;3.86716;5.43166;4.37837;5.00716
0.75913;2.44766;3.49268;3.50934;3.14982;4.28027;3.39355;3.69159;2.61704;4.34107
1.27235;-0.01408;0.6024;-0.54147;-2.14688;-0.16092;-1.81117;-0.40992;-2.06334;-2.79408
2.67707;2.79854;4.19465;5.43854;4.58883;5.87777;7.67898;7.75319;8.16246;9.50008
2.00393;1.43886;0.82355;2.1989;1.25142;1.28817;1.16072;3.34003;1.9274;-0.32156
0.40557;0.68843;-0.43424;0.00364;-1.49791;-1.74497;-1.23514;-1.41477;-1.47032;0.76307
-1.91582;-4.09993;-3.6698;-5.10922;-3.93353;-4.6684;-4.02554;-3.95055;-3.68205;-2.56956
1.968;0.2211;0.70236;-0.17815;0.89453;0.67457;1.25231;1.03747;1.39694;1.9014
-0.36964;1.45643;1.25552;0.34523;2.71157;1.26017;0.42641;1.57886;1.31645;1.23566
-3.91444;-7.31482;-7.14771;-6.34962;-9.48776;-7.6203;-5.53171;-8.41636;-8.70557;-8.89943
-0.04364;1.17836;1.29532;1.08258;1.25533;0.58749;1.29659;0.89595;0.88952;1.44919
-1.44894;0.84001;0.14879;-0.30115;1.80758;2.02818;1.09208;1.61548;2.54709;3.568
-4.7164;-3.30438;-5.36746;-5.08582;-5.05351;-3.13085;-3.71403;-3.12235;-2.57954;-2.18917
2.57793;5.03545;6.25481;4.31923;6.04077;7.97212;8.25452;8.74481;11.37215;10.14874
-0.7799;-0.21514;0.06862;-0.31625;-2.41815;-2.17711;-1.73311;-1.38786;-1.34921;-0.04168
-1.22596;-1.41789;-1.56731;-1.95128;-0.78642;-3.66966;-0.14441;-2.0792;-0.24612;-4.49419
-9.3582;-9.4894;-9.56124;-10.03629;-10.3719;-10.35966;-7.85167;-10.9271;-10.46395;-11.13198
-4.12812;-3.81294;-2.74086;-3.77856;-5.16168;-3.51564;-8.0663;-5.97508;-7.2389;-8.07849
-6.91317;-2.5717;0.53802;-0.35776;-2.81943;-2.64883;-1.6207;-0.72745;-1.76652;-1.29207
0.69593;0.92283;1.9792;2.63676;5.84627;7.05487;7.31722;8.193;6.77472;9.01755
2.61331;-0.00998;0.46682;1.14885;1.43784;2.74487;3.1354;1.39145;3.70691;4.30173
-3.11308;0.97332;-0.12201;-0.29569;2.69594;3.2173;5.84639;5.54077;5.14885;12.18023
7.78069;5.20057;6.62816;7.4399;8.35072;5.05624;6.95989;6.17057;8.39727;9.30594
0.0074;2.83871;1.07232;3.09621;0.80386;3.0803;-0.25129;3.70775;3.17189;5.18005
1.48192;1.91694;1.09366;0.74222;-0.1617;-1.17435;-1.25996;-0.85642;-0.269;-0.38937
0.19048;0.72915;-0.52226;0.18815;1.75475;3.67466;4.33989;4.30872;6.88433;5.79046
-2.03536;-3.37541;-3.57267;-2.01568;-3.34132;-3.74019;-4.23502;-5.61601;-6.2392;-8.36675
2.22374;3.49352;3.85629;2.96487;3.12488;1.8871;3.427;4.97677;4.26555;8.46944
0.06721;2.4479;0.70594;0.37428;1.56459;2.02226;0.96894;2.47075;2.59625;6.04878
2.0557;-0.02353;0.13137;0.90394;-0.3771;-0.13805;-1.28949;-2.46417;-3.27634;-3.53821
0.75684;0.82971;2.66055;0.98302;2.03305;1.9349;0.05714;3.29433;1.54294;-0.81516
-0.0239;0.24349;-2.97013;-4.18857;-4.55463;-2.77211;-5.43011;-3.73436;-5.46928;-4.15062
2.8359;4.13445;5.06278;5.37246;7.99919;9.81645;8.56251;13.81765;13.83713;15.75794
3.55731;-0.21122;-0.56059;-1.81622;-1.82643;-0.39394;-2.27861;-2.0901;-0.89242;1.85552
1.76029;1.29862;1.42832;-0.38937;-0.81392;1.2277;0.70871;-0.51813;3.01072;2.7915
-1.78013;-0.95348;-1.47949;-1.53686;-2.01718;-0.34779;-2.75172;-2.94543;-2.93891;-3.77639
-0.51666;1.31398;0.74482;2.37181;5.20593;3.60697;2.40527;1.11206;0.93621;-2.91472
2.68494;1.5032;1.2597;1.41994;0.27984;-0.41136;0.51641;0.61139;-0.48765;0.44414
1.51143;-0.83276;-1.09266;-1.63395;0.11295;-0.57844;-4.56455;-4.93041;0.00679;-3.60371
1.40464;4.30888;4.73967;4.42351;2.63921;3.01182;4.91339;3.34597;3.09944;4.18653
-1.19327;-0.67711;-0.24217;0.6087;-1.23162;-2.66903;-2.55298;-2.48774;-3.34072;-4.99661
0.22295;1.0572;1.19807;0.77736;1.32914;0.63385;2.36105;-0.62859;2.30061;3.17239
-0.09909;-0.56194;-1.33834;-0.88719;0.26624;-0.69177;-0.29355;1.57875;2.21286;5.69349
1.6217;2.79744;0.67107;0.002;3.24477;3.56175;4.11599;4.87708;5.14341;8.6096
3.90388;2.73708;3.84235;2.79417;0.41622;1.56852;0.46188;0.96678;0.02062;1.95762
2.84511;2.00609;1.79525;1.30972;1.57886;-0.22744;0.51876;-1.78686;0.27199;3.17338
2.5688;4.05459;3.91865;3.76515;1.46938;1.33503;-0.82624;0.55713;-2.19776;-5.63426
3.17745;1.83251;2.82807;1.44535;3.29053;2.24694;2.43288;-0.02207;3.4597;3.2342
-0.92097;-0.98661;-1.12453;-2.9373;-2.77163;-7.02237;-3.19798;-2.38838;-3.4183;-3.61362
2.13402;0.78076;0.54248;2.02787;1.60861;2.38262;1.29665;3.51834;3.8152;6.24744
1.24406;1.02028;2.44498;0.0034;0.10495;0.30214;0.16105;-0.44455;-1.14995;0.14911
3.45649;1.9536;0.64741;1.23679;0.42558;-1.29125;-0.22469;-0.95263;-1.29781;-2.48485
0.29285;2.93694;4.02856;3.02356;4.48982;4.28897;3.78631;2.7281;3.29469;4.75928
-0.36862;-0.73658;-0.48714;1.41273;-2.05059;-0.62809;-0.37831;-1.95409;-0.88986;1.96223
2.78405;0.37523;-0.58414;-0.26501;0.8037;1.90117;-0.45791;2.55806;2.26627;1.97486
-2.74784;-3.9965;-4.17858;-4.30022;-2.95987;-0.45007;-2.08064;-1.48435;1.50876;-1.65102
4.05784;2.25403;2.05031;1.8372;1.94167;1.20071;1.61864;1.73104;0.2291;1.74074
1.89163;2.76639;2.34116;2.65612;3.05631;2.29964;1.56489;1.96459;3.86074;4.41397
-0.84749;-1.47976;-1.91788;-2.44743;-2.41125;-3.15921;-2.19187;-3.96368;-2.36885;-1.9972
-3.202;-4.79846;-4.09908;-4.70805;-3.5019;-4.17624;-4.36445;-4.05129;-6.00196;-5.41974
-1.91299;-0.15901;0.44537;1.18985;-0.47793;1.88041;0.98827;1.60424;1.66371;-0.14715
0.74605;-0.67876;0.82536;0.32982;0.23187;1.86635;0.1269;1.5365;0.20387;0.14636
-0.02816;-3.39078;-1.54486;-2.48036;-1.31322;-2.80514;-3.97947;-3.08931;-2.98511;-6.36496
0.65244;2.77592;2.98775;1.96824;3.13055;3.46624;2.87895;2.20597;2.47165;4.06477
2.94549;3.00614;4.81147;2.89324;2.87027;3.43831;4.02257;4.49963;3.46292;8.08597
-0.38128;-2.15511;-1.56259;-2.20972;-0.7585;-2.29275;-2.26165;-2.9935;-4.30524;-3.15722
-1.71466;3.19442;2.21446;0.7458;1.03316;0.36659;0.94408;0.51147;1.67427;3.46545
-4.66112;-3.80116;-3.7384;-1.82644;-3.1253;-5.32012;-3.59348;-4.25828;-3.97778;-4.5746
0.35052;0.80789;0.4897;0.76796;0.82245;1.78146;1.79996;1.07401;-1.01684;1.16221
-0.11595;2.25304;3.61233;1.97201;2.34981;2.82874;3.0785;1.42516;2.58279;-1.8255
4.07942;2.95056;2.70615;1.41044;3.2527;3.30761;2.89053;4.28334;5.57497;4.48836
2.22896;2.0387;2.52771;2.11841;2.18419;1.003;1.09991;1.65778;4.28943;2.74038
1.30372;0.44161;0.90047;2.77215;2.14003;2.23507;1.23348;2.40438;3.09371;2.50472
0.99923;1.92284;3.16323;2.07869;2.63294;2.78125;3.23568;2.10347;3.32392;3.89264
3.12368;1.38819;0.14834;0.28473;1.62435;2.21473;2.05409;2.20102;1.98609;7.14661
4.1494;2.57481;2.34935;1.54766;2.59699;3.09716;3.69177;3.08347;3.1149;5.94439
2.41153;1.90628;-0.83365;0.59466;0.03895;0.70634;-0.49089;1.8484;0.2348;0.09201
1.88891;2.05128;4.08042;3.81166;3.1238;4.31423;4.49833;5.32817;3.42303;1.11204
-4.41457;-1.58067;1.60912;-0.6249;0.09664;-2.25062;-0.03156;-2.5321;-3.1859;-1.49517
3.47772;3.71046;2.86256;4.20429;5.00591;4.23195;3.76649;7.73413;5.98541;-0.05223
1.76739;3.40973;3.51781;2.91014;1.91957;2.19505;1.58702;1.01235;1.43973;-3.31031
3.05995;2.006;3.4802;0.47269;3.06329;2.35443;1.40591;2.9825;2.95533;1.88283
1.8238;1.16258;-0.81163;-1.33623;2.00302;-0.14154;1.2605;-0.76734;1.87782;4.57386
1.60609;1.65234;0.6517;1.56631;1.06586;1.23329;0.83231;0.16511;2.84583;-1.71996
2.00244;0.48921;0.59571;1.56678;-0.20852;-0.01235;1.8548;0.49583;1.33922;6.0288
3.50756;1.51439;1.13283;1.78718;2.59967;1.17035;3.07192;2.0324;2.23254;2.68726
-3.34342;-1.86172;-1.17666;0.47639;1.61554;0.95098;-0.79225;0.77484;-0.76795;-4.01582
-4.33593;-5.19505;-5.39412;-5.50754;-5.459;-4.77762;-5.12888;-4.98669;-6.21105;-7.07159
3.08548;3.3171;2.63597;2.17286;3.20153;2.15117;0.28106;3.38492;3.29281;4.03769
0.38661;2.2855;1.87739;2.45028;4.72927;4.47181;4.52152;3.3459;4.98329;9.18748
0.48939;1.12769;1.92792;3.41013;1.62497;1.56222;1.92337;1.0215;1.78126;-0.32333
3.58808;4.50375;4.13409;3.55285;3.88754;5.64277;5.60761;6.78961;6.42213;9.06805
1.72868;1.03265;0.03731;-0.37679;-0.95836;-0.59729;-1.68499;-0.94801;-2.31527;-3.47174
0.9189;1.40642;1.22975;1.7474;2.11572;1.48953;3.93861;5.06482;5.82754;8.68082
3.11889;0.80189;1.23419;-0.74188;-0.19654;0.47853;0.90497;0.94362;0.23245;-2.87393
-3.59973;-2.65692;-3.27174;-1.63823;-4.47903;-2.55883;-2.15618;-3.99002;-5.56954;-7.44308
-2.10139;-0.53019;0.18553;0.55937;0.08189;3.31225;1.81008;2.83648;5.44707;8.31092
6.14416;6.98943;6.75713;5.6333;7.15657;6.35317;5.48491;6.32471;6.62546;7.25657
5.06724;4.62374;2.71353;3.55653;3.51878;4.73524;3.49016;4.1885;3.62823;4.31439
3.25984;3.64446;4.48736;3.67836;4.79944;4.56218;7.09313;6.54192;6.45052;10.10335
1.95465;2.23025;1.40101;-0.04071;-1.96408;-0.7192;-1.64066;-2.72796;-5.45425;-6.48926
7.62067;7.08856;5.82746;5.90608;6.05368;4.65075;5.6069;5.32368;4.93114;5.17806
-3.7181;-1.8479;-3.09496;-3.64794;-2.88324;-3.73248;-3.92625;-2.3121;-3.07507;-4.58747
-0.54174;2.09371;2.22436;1.8667;1.8672;0.75397;3.0622;2.3298;4.52332;3.73983
2.56113;4.52497;4.4989;3.42703;3.07129;1.37083;0.58995;2.42112;1.88509;0.00395
-1.26329;-3.14308;-2.14739;-3.17768;-0.8797;0.29805;-0.65162;-1.00282;-1.05545;2.18995
4.06292;3.82315;4.55313;6.98421;5.53428;6.43294;5.36877;6.61812;7.70494;7.85806
4.98145;5.82218;5.19281;6.49459;4.32563;4.72795;6.91259;6.63844;4.34478;3.46818
1.18009;-0.75041;-1.18495;0.03716;0.05921;-1.31295;-1.64165;0.06601;1.423;2.20695
-3.21627;-3.18692;-3.34125;-1.37969;-2.92037;-3.20753;-1.0304;-2.04702;-1.33827;-4.95822
-1.5337;-0.06999;2.69221;0.84734;-0.9763;1.69612;1.36275;1.56788;4.17423;5.84833
-4.86471;-5.38134;-5.1152;-4.16705;-4.17743;-4.50752;-2.67771;-2.27819;-3.31518;-0.41019
-7.99315;-6.06598;-9.19874;-13.2696;-14.57761;-11.86781;-15.77155;-16.11845;-16.9342;-18.1197
2.78478;4.25932;5.01751;5.26988;7.68785;4.67601;6.25898;5.84468;4.19016;10.65932
-2.08091;-0.8394;3.65049;5.67719;5.3042;6.57899;7.2282;9.54601;6.4679;10.74743
1.23041;4.64532;3.63645;4.68633;4.1065;1.5344;5.28578;7.01272;7.42572;9.54839
2.12906;6.24167;-0.08517;2.36681;2.06928;5.35796;2.13926;4.58951;6.79014;13.04475
-5.54294;-3.40796;-4.06606;-1.37255;-3.21915;0.78757;-0.63643;1.81056;3.30126;13.20089
-5.08025;-0.82233;-3.00814;-5.95912;-1.64603;-1.04037;-0.60884;-3.67484;-3.75656;-6.73954
-2.89183;0.00246;-0.5769;-3.54929;-1.66461;3.90168;1.23575;0.93656;3.24844;8.45108
6.0223;2.70343;9.43406;10.32309;11.39299;8.52541;7.55663;0.94176;2.41655;1.37953
5.38445;3.2689;-0.0437;-1.65517;-0.31046;-3.47567;-1.63598;-2.43098;0.20891;-4.91774
-3.61019;-0.42516;-0.46987;0.47673;3.66974;5.21302;0.40735;1.61514;4.51603;8.71745
-1.30594;0.00363;0.30978;-1.17242;-1.62775;-2.03389;-3.69755;-4.13703;-3.69702;-4.20031
-0.51255;-0.95245;-2.13305;-3.33578;-3.55642;-5.37955;-2.1165;-4.24401;-1.38529;1.33296
-3.00989;-4.91253;-3.71718;-4.07319;-4.29684;-8.29638;-1.91227;-5.5229;-4.90448;-1.15291
-0.46401;0.36398;-0.83655;0.83153;3.73872;5.57018;-1.6842;4.56446;9.29535;8.32791
3.60574;-0.61644;-2.19914;-3.28198;0.13331;-1.6381;-0.18327;3.08863;1.00604;3.94257
4.01683;2.42852;1.32976;3.62229;0.07819;1.62825;-0.83414;2.18834;0.9857;10.67257
1.05854;-4.46418;-0.40804;-5.95149;-5.51199;-3.78283;-3.23305;-7.65165;-4.81204;-4.97433
8.26937;-2.02654;-8.59915;-4.81259;-4.66411;-8.99362;-8.27752;-5.71323;-6.94978;6.29841
0.21673;5.34339;3.59932;5.5516;8.98693;13.08543;6.82695;3.04309;10.20462;6.51018
-4.40866;-0.29417;1.40314;4.50193;-0.29156;-0.63663;-0.79706;0.74436;0.01575;-7.65577
-0.31375;4.03204;4.88552;6.72949;3.42633;-1.56982;-0.01201;1.72376;0.72885;-8.26063
-1.83057;-0.95928;-3.08046;-2.07079;-2.33703;-2.86835;0.23077;-2.90357;-4.91506;9.89462
-1.28396;1.82667;1.49486;-0.72486;-3.61228;2.28555;-3.9414;0.18338;0.65351;-4.05256
6.78237;1.25074;3.84964;-0.83343;1.84117;1.07973;1.7128;5.98535;2.91462;11.99433
2.25616;6.38573;2.48174;2.18934;3.58533;-1.67466;2.26781;5.42904;-1.4224;-12.4803
1.6771;0.5776;3.49695;2.17099;8.65936;6.00391;1.09897;5.86045;-4.41939;-7.01306
1.12688;2.68776;2.44863;0.64747;-4.17803;-0.34247;-1.24818;-2.79401;-5.17485;-21.96512
0.61917;6.47593;2.80536;7.74596;4.00773;4.16287;7.17265;7.44901;1.163;-3.93297
-6.29446;-8.11361;-4.37257;0.3945;-6.36658;-1.17818;-5.04739;3.82635;0.64922;13.68401
0.07793;3.15378;0.9508;-1.94608;0.29636;-1.19062;-1.80494;-4.0579;-4.10848;-23.86119
-4.32957;-5.22005;-3.1182;-5.50218;-4.19469;-1.88947;-2.64624;-4.05818;-6.2338;-13.41827
3.08398;3.43985;3.86999;1.93772;5.78674;3.02078;3.69644;3.10993;9.56561;16.34889
1.38939;0.65884;1.92088;0.79426;3.75715;0.85854;2.18629;4.34178;5.36074;-1.70268
-5.21142;-3.23208;-3.9095;-1.28698;0.0505;-0.3747;-1.92913;-1.58619;-0.60073;-0.29568
1.0653;3.02488;3.63566;0.20963;-0.67327;0.23532;4.47343;0.48174;-1.25369;-7.85888
-0.56578;-2.21735;-5.33904;-3.53819;-4.59595;-3.34548;-4.96672;-7.46706;-5.51618;-11.14673
-1.73889;-0.23787;-2.23673;0.74254;-6.29749;-4.72909;-13.52288;-9.21417;-12.0048;-18.65984
-0.94452;1.33102;-7.41156;-0.9529;-2.70135;-2.88427;1.66168;-0.60077;0.65769;11.96401
1.70357;0.54936;0.9048;2.96473;5.36603;6.79153;7.32871;10.72509;11.01081;15.23768
0.10021;0.33029;2.4034;4.68801;0.78991;4.92825;2.13085;3.71237;4.11621;0.99704
